{
    "Alabama": [
        1.0,
        0.0,
        1.0
    ],
    "Alaska": [
        0.0,
        1.0,
        0.0
    ],
    "Arizona": [
        1.0,
        0.5,
        0.0
    ],
    "Arkansas": [
        0.0,
        0.5,
        1.0
    ],
    "California": [
        0.5,
        0.75,
        0.5
    ],
    "Colorado": [
        0.5318509421376028,
        0.16786134838488886,
        0.46659511264571696
    ],
    "Connecticut": [
        0.04031770198947493,
        0.9978139707143014,
        0.8668448940887783
    ],
    "Delaware": [
        0.8040671697624757,
        0.9826359071097792,
        0.006387436784139777
    ],
    "Florida": [
        0.041929492289929926,
        0.4961995902007065,
        0.10895730598755593
    ],
    "Georgia": [
        0.974793956577803,
        0.47670291923892927,
        0.7251101565957684
    ],
    "Hawaii": [
        0.20823387861792053,
        0.00945492956361449,
        0.9658894136764024
    ],
    "Idaho": [
        0.0,
        0.0,
        0.5
    ],
    "Illinois": [
        0.5503424776763819,
        0.32450624815785334,
        0.9788227058772513
    ],
    "Indiana": [
        0.5537037674712668,
        0.4756942674181869,
        0.1582208517772482
    ],
    "Iowa": [
        1.0,
        0.0,
        0.0
    ],
    "Kansas": [
        0.9896955091730596,
        0.828568316396286,
        0.4611006355709185
    ],
    "Kentucky": [
        0.6158064284689636,
        0.7711299896947523,
        0.9974646248125227
    ],
    "Louisiana": [
        0.0836000256973699,
        0.5524203337430246,
        0.5735869339075139
    ],
    "Maine": [
        0.003593416905122604,
        0.9845735756808248,
        0.4396726240412081
    ],
    "Maryland": [
        1.0,
        0.0,
        0.5
    ],
    "Massachusetts": [
        0.5,
        0.0,
        0.0
    ],
    "Michigan": [
        0.4184135006029991,
        0.9492994490463809,
        0.1500276712076325
    ],
    "Minnesota": [
        0.918941831428041,
        0.25035387048851,
        0.24691602331045448
    ],
    "Mississippi": [
        0.6637934692234363,
        0.016520967787794993,
        0.7841525974424257
    ],
    "Missouri": [
        0.06351305593529366,
        0.24217712880830045,
        0.7232054991803463
    ],
    "Montana": [
        0.544696529067001,
        0.9903710353996182,
        0.7222474410191705
    ],
    "Nebraska": [
        0.14736465112097474,
        0.7348188069000111,
        0.3060828808926248
    ],
    "Nevada": [
        0.9336182087535,
        0.7308582443310562,
        0.9579584317323325
    ],
    "New Hampshire": [
        0.5504483387803586,
        0.45319661692871616,
        0.6230895883722327
    ],
    "New Jersey": [
        0.23894825758126748,
        0.7181059792969862,
        0.8969334545884277
    ],
    "New Mexico": [
        0.8543423858470798,
        0.22494752815766728,
        0.6725883895763589
    ],
    "New York": [
        0.3069335597726619,
        0.22951664016884876,
        0.004911562864416519
    ],
    "North Carolina": [
        0.13335658418104812,
        0.24659771984066536,
        0.3066729066051831
    ],
    "North Dakota": [
        0.7573762782666482,
        0.7157558726353432,
        0.19653469663374545
    ],
    "Ohio": [
        0.6625413999363128,
        0.9910621220653693,
        0.3820576131834148
    ],
    "Oklahoma": [
        0.3133857785936589,
        0.005512235678636346,
        0.6552985550555338
    ],
    "Oregon": [
        0.804084305065773,
        0.4942192303571077,
        0.40792954307054674
    ],
    "Pennsylvania": [
        0.6498175236455399,
        0.23380446485106965,
        0.06265103692937823
    ],
    "Rhode Island": [
        0.31842780713857866,
        0.6997013151256755,
        0.028129684386882348
    ],
    "South Carolina": [
        0.2803724375027241,
        0.9206113860754352,
        0.5813481637448291
    ],
    "South Dakota": [
        0.2955691270009604,
        0.4240280421324307,
        0.8324315012105125
    ],
    "Tennessee": [
        0.29630246407432426,
        0.01964005134029201,
        0.24645471828004462
    ],
    "Texas": [
        0.9607000254720016,
        0.27543788498304,
        0.9966456935036082
    ],
    "Utah": [
        0.7535037719055079,
        0.5205566052548286,
        0.9610574412508148
    ],
    "Vermont": [
        0.369949417004499,
        0.9601903343030899,
        0.9870691546853274
    ],
    "Virginia": [
        0.7583356466379649,
        0.0024843297974543876,
        0.21005223375360949
    ],
    "Washington": [
        0.7523975114962231,
        0.7903441324298954,
        0.6826947428102728
    ],
    "West Virginia": [
        0.10335115366713421,
        0.25266045070472065,
        0.9943296622099436
    ],
    "Wisconsin": [
        0.26942248114538203,
        0.5208646520070278,
        0.3538137831856447
    ],
    "Wyoming": [
        0.26086441110544134,
        0.3059447540134548,
        0.5402175194836154
    ]
}